ReadingID,Timestamp,SensorID,RawReading,CalculatedHumidity,Error
2,1693911417,A0,648,64.8,0.1
3,1693911494,A0,665,66.5,1.8
4,1693911571,A0,628,62.8,-1.9
5,1693911648,A1,633,63.3,-1.4
6,1693911725,A1,651,65.1,0.4
7,1693911802,A1,649,64.9,0.2
8,1693911879,A1,648,64.8,0.1
9,1693911956,A1,640,64.0,-0.7
10,1693912033,A1,646,64.6,-0.1
11,1693912110,A1,652,65.2,0.5
12,1693912187,A1,636,63.6,-1.1
13,1693912264,A1,625,62.5,-2.2
14,1693912341,A1,634,63.4,-1.3
15,1693998818,A0,662,66.2,2.7
16,1693998895,A0,630,63.0,-0.5
17,1693998972,A0,661,66.1,2.6
18,1693999049,A1,652,65.2,1.7
19,1693999126,A1,635,63.5,0.0
20,1693999203,A1,632,63.2,-0.3
21,1693999280,A1,619,61.9,-1.6
22,1693999357,A1,617,61.7,-1.8
23,1693999434,A1,642,64.2,0.7
24,1693999511,A1,647,64.7,1.2
25,1693999588,A1,626,62.6,-0.9
26,1693999665,A1,651,65.1,1.6
27,1693999742,A1,662,66.2,2.7
28,1694086219,A0,645,64.5,6.4
29,1694086296,A0,625,62.5,4.4
30,1694086373,A0,643,64.3,6.2
31,1694086450,A1,648,64.8,6.7
32,1694086527,A1,627,62.7,4.6
33,1694086604,A1,643,64.3,6.2
34,1694086681,A1,615,61.5,3.4
35,1694086758,A1,631,63.1,5.0
36,1694086835,A1,652,65.2,7.1
37,1694086912,A1,618,61.8,3.7
38,1694086989,A1,659,65.9,7.8
39,1694087066,A1,636,63.6,5.5
40,1694087143,A1,654,65.4,7.3
41,1694173620,A0,658,65.8,2.8
42,1694173697,A0,664,66.4,3.4
43,1694173774,A0,637,63.7,0.7
44,1694173851,A1,616,61.6,-1.4
45,1694173928,A1,653,65.3,2.3
46,1694174005,A1,659,65.9,2.9
47,1694174082,A1,648,64.8,1.8
48,1694174159,A1,646,64.6,1.6
49,1694174236,A1,619,61.9,-1.1
50,1694174313,A1,652,65.2,2.2
51,1694174390,A1,627,62.7,-0.3
52,1694174467,A1,662,66.2,3.2
53,1694174544,A1,647,64.7,1.7
54,1694261021,A0,621,62.1,3.2
55,1694261098,A0,655,65.5,6.6
56,1694261175,A0,658,65.8,6.9
57,1694261252,A1,663,66.3,7.4
58,1694261329,A1,621,62.1,3.2
59,1694261406,A1,628,62.8,3.9
60,1694261483,A1,626,62.6,3.7
61,1694261560,A1,626,62.6,3.7
62,1694261637,A1,658,65.8,6.9
63,1694261714,A1,632,63.2,4.3
64,1694261791,A1,639,63.9,5.0
65,1694261868,A1,654,65.4,6.5
66,1694261945,A1,645,64.5,5.6
67,1694348422,A0,660,66.0,1.6
68,1694348499,A0,622,62.2,-2.2
69,1694348576,A0,644,64.4,-0.0
70,1694348653,A1,616,61.6,-2.8
71,1694348730,A1,654,65.4,1.0
72,1694348807,A1,663,66.3,1.9
73,1694348884,A1,661,66.1,1.7
74,1694348961,A1,636,63.6,-0.8
75,1694349038,A1,647,64.7,0.3
76,1694349115,A1,620,62.0,-2.4
77,1694349192,A1,635,63.5,-0.9
78,1694349269,A1,617,61.7,-2.7
79,1694349346,A1,662,66.2,1.8
80,1694435823,A0,623,62.3,-1.9
81,1694435900,A0,624,62.4,-1.8
82,1694435977,A0,632,63.2,-1.0
83,1694436054,A1,640,64.0,-0.2
84,1694436131,A1,619,61.9,-2.3
85,1694436208,A1,626,62.6,-1.6
86,1694436285,A1,645,64.5,0.3
87,1694436362,A1,656,65.6,1.4
88,1694436439,A1,615,61.5,-2.7
89,1694436516,A1,635,63.5,-0.7
90,1694436593,A1,656,65.6,1.4
91,1694436670,A1,626,62.6,-1.6
92,1694436747,A1,665,66.5,2.3
93,1694523224,A0,654,65.4,2.7
94,1694523301,A0,664,66.4,3.9
95,1694523378,A0,629,62.9,-0.3
96,1694523455,A1,656,65.6,2.9
97,1694523532,A1,646,64.6,1.7
98,1694523609,A1,617,61.7,-1.8
99,1694523686,A1,636,63.6,0.5
100,1694523763,A1,641,64.1,1.1
101,1694523840,A1,643,64.3,1.3
102,1694523917,A1,626,62.6,-0.7
103,1694523994,A1,644,64.4,1.5
104,1694524071,A1,653,65.3,2.5
105,1694524148,A1,641,64.1,1.1
106,1694524225,A2,619,61.9,-1.5
107,1694524302,A2,623,62.3,-1.1
108,1694524379,A2,641,64.1,1.1
109,1694524456,A3,646,64.6,1.7
110,1694524533,A3,638,63.8,0.7
111,1694524610,A3,643,64.3,1.3
112,1694524687,A3,661,66.1,3.5
113,1694524764,A3,663,66.3,3.7
114,1694524841,A3,632,63.2,0.0
115,1694524918,A3,628,62.8,-0.5
116,1694524995,A3,648,64.8,1.9
117,1694525072,A3,640,64.0,1.0
118,1694525149,A3,615,61.5,-2.0
119,1694611626,A0,643,64.3,-1.5
120,1694611703,A0,663,66.3,0.9
121,1694611780,A0,616,61.6,-4.7
122,1694611857,A1,665,66.5,1.2
123,1694611934,A1,661,66.1,0.7
124,1694612011,A1,647,64.7,-1.0
125,1694612088,A1,630,63.0,-3.0
126,1694612165,A1,653,65.3,-0.3
127,1694612242,A1,628,62.8,-3.3
128,1694612319,A1,618,61.8,-4.5
129,1694612396,A1,647,64.7,-1.0
130,1694612473,A1,638,63.8,-2.1
131,1694612550,A1,659,65.9,0.5
132,1694612627,A2,634,63.4,-2.5
133,1694612704,A2,653,65.3,-0.3
134,1694612781,A2,626,62.6,-3.5
135,1694612858,A3,627,62.7,-3.4
136,1694612935,A3,630,63.0,-3.0
137,1694613012,A3,664,66.4,1.1
138,1694613089,A3,642,64.2,-1.6
139,1694613166,A3,620,62.0,-4.2
140,1694613243,A3,642,64.2,-1.6
141,1694613320,A3,634,63.4,-2.5
142,1694613397,A3,654,65.4,-0.1
143,1694613474,A3,627,62.7,-3.4
144,1694613551,A3,637,63.7,-2.2
145,1694700028,A0,628,62.8,5.1
146,1694700105,A0,632,63.2,5.6
147,1694700182,A0,662,66.2,9.2
148,1694700259,A1,624,62.4,4.6
149,1694700336,A1,622,62.2,4.4
150,1694700413,A1,623,62.3,4.5
151,1694700490,A1,620,62.0,4.1
152,1694700567,A1,650,65.0,7.7
153,1694700644,A1,634,63.4,5.8
154,1694700721,A1,621,62.1,4.3
155,1694700798,A1,620,62.0,4.1
156,1694700875,A1,626,62.6,4.9
157,1694700952,A1,625,62.5,4.7
158,1694701029,A2,634,63.4,5.8
159,1694701106,A2,639,63.9,6.4
160,1694701183,A2,659,65.9,8.8
161,1694701260,A3,663,66.3,9.3
162,1694701337,A3,650,65.0,7.7
163,1694701414,A3,638,63.8,6.3
164,1694701491,A3,630,63.0,5.3
165,1694701568,A3,627,62.7,5.0
166,1694701645,A3,643,64.3,6.9
167,1694701722,A3,642,64.2,6.8
168,1694701799,A3,658,65.8,8.7
169,1694701876,A3,622,62.2,4.4
170,1694701953,A3,654,65.4,8.2
171,1694788430,A0,650,65.0,0.1
172,1694788507,A0,645,64.5,-0.5
173,1694788584,A0,621,62.1,-3.4
174,1694788661,A1,662,66.2,1.6
175,1694788738,A1,662,66.2,1.6
176,1694788815,A1,654,65.4,0.6
177,1694788892,A1,664,66.4,1.8
178,1694788969,A1,644,64.4,-0.6
179,1694789046,A1,657,65.7,1.0
180,1694789123,A1,664,66.4,1.8
181,1694789200,A1,616,61.6,-4.0
182,1694789277,A1,619,61.9,-3.6
183,1694789354,A1,617,61.7,-3.8
184,1694789431,A2,653,65.3,0.5
185,1694789508,A2,626,62.6,-2.8
186,1694789585,A2,618,61.8,-3.7
187,1694789662,A3,660,66.0,1.3
188,1694789739,A3,630,63.0,-2.3
189,1694789816,A3,652,65.2,0.4
190,1694789893,A3,626,62.6,-2.8
191,1694789970,A3,639,63.9,-1.2
192,1694790047,A3,627,62.7,-2.6
193,1694790124,A3,656,65.6,0.8
194,1694790201,A3,615,61.5,-4.1
195,1694790278,A3,615,61.5,-4.1
196,1694790355,A3,645,64.5,-0.5
197,1694876832,A0,636,63.6,-2.4
198,1694876909,A0,651,65.1,-0.6
199,1694876986,A0,646,64.6,-1.2
200,1694877063,A1,626,62.6,-3.6
201,1694877140,A1,651,65.1,-0.6
202,1694877217,A1,631,63.1,-3.0
203,1694877294,A1,658,65.8,0.2
204,1694877371,A1,634,63.4,-2.7
205,1694877448,A1,663,66.3,0.8
206,1694877525,A1,653,65.3,-0.4
207,1694877602,A1,620,62.0,-4.3
208,1694877679,A1,654,65.4,-0.3
209,1694877756,A1,623,62.3,-4.0
210,1694877833,A2,641,64.1,-1.8
211,1694877910,A2,642,64.2,-1.7
212,1694877987,A2,633,63.3,-2.8
213,1694878064,A3,657,65.7,0.1
214,1694878141,A3,644,64.4,-1.5
215,1694878218,A3,621,62.1,-4.2
216,1694878295,A3,627,62.7,-3.5
217,1694878372,A3,639,63.9,-2.1
218,1694878449,A3,615,61.5,-4.9
219,1694878526,A3,621,62.1,-4.2
220,1694878603,A3,616,61.6,-4.8
221,1694878680,A3,652,65.2,-0.5
222,1694878757,A3,615,61.5,-4.9
223,1694965234,A0,635,63.5,3.1
224,1694965311,A0,615,61.5,0.7
225,1694965388,A0,659,65.9,6.0
226,1694965465,A1,643,64.3,4.1
227,1694965542,A1,654,65.4,5.4
228,1694965619,A1,637,63.7,3.4
229,1694965696,A1,661,66.1,6.2
230,1694965773,A1,642,64.2,4.0
231,1694965850,A1,620,62.0,1.3
232,1694965927,A1,626,62.6,2.0
233,1694966004,A1,622,62.2,1.6
234,1694966081,A1,657,65.7,5.8
235,1694966158,A1,656,65.6,5.6
236,1694966235,A2,631,63.1,2.6
237,1694966312,A2,657,65.7,5.8
238,1694966389,A2,661,66.1,6.2
239,1694966466,A3,630,63.0,2.5
240,1694966543,A3,634,63.4,3.0
241,1694966620,A3,615,61.5,0.7
242,1694966697,A3,618,61.8,1.1
243,1694966774,A3,656,65.6,5.6
244,1694966851,A3,663,66.3,6.5
245,1694966928,A3,630,63.0,2.5
246,1694967005,A3,657,65.7,5.8
247,1694967082,A3,635,63.5,3.1
248,1694967159,A3,646,64.6,4.4
249,1695053636,A0,642,64.2,3.4
250,1695053713,A0,640,64.0,3.2
251,1695053790,A0,633,63.3,2.3
252,1695053867,A1,645,64.5,3.8
253,1695053944,A1,665,66.5,6.2
254,1695054021,A1,665,66.5,6.2
255,1695054098,A1,624,62.4,1.3
256,1695054175,A1,659,65.9,5.5
257,1695054252,A1,646,64.6,3.9
258,1695054329,A1,618,61.8,0.5
259,1695054406,A1,639,63.9,3.1
260,1695054483,A1,645,64.5,3.8
261,1695054560,A1,657,65.7,5.2
262,1695054637,A2,625,62.5,1.4
263,1695054714,A2,660,66.0,5.6
264,1695054791,A2,619,61.9,0.7
265,1695054868,A3,642,64.2,3.4
266,1695054945,A3,630,63.0,2.0
267,1695055022,A3,627,62.7,1.6
268,1695055099,A3,652,65.2,4.6
269,1695055176,A3,659,65.9,5.5
270,1695055253,A3,629,62.9,1.9
271,1695055330,A3,644,64.4,3.7
272,1695055407,A3,646,64.6,3.9
273,1695055484,A3,633,63.3,2.3
274,1695055561,A3,637,63.7,2.8
275,1695142038,A0,647,64.7,5.8
276,1695142115,A0,662,66.2,7.9
277,1695142192,A0,642,64.2,5.1
278,1695142269,A1,645,64.5,5.5
279,1695142346,A1,628,62.8,3.1
280,1695142423,A1,645,64.5,5.5
281,1695142500,A1,662,66.2,7.9
282,1695142577,A1,644,64.4,5.4
283,1695142654,A1,632,63.2,3.7
284,1695142731,A1,632,63.2,3.7
285,1695142808,A1,646,64.6,5.7
286,1695142885,A1,624,62.4,2.6
287,1695142962,A1,633,63.3,3.8
288,1695143039,A2,623,62.3,2.4
289,1695143116,A2,619,61.9,1.9
290,1695143193,A2,621,62.1,2.2
291,1695143270,A3,639,63.9,4.7
292,1695143347,A3,634,63.4,4.0
293,1695143424,A3,638,63.8,4.5
294,1695143501,A3,647,64.7,5.8
295,1695143578,A3,636,63.6,4.3
296,1695143655,A3,657,65.7,7.2
297,1695143732,A3,634,63.4,4.0
298,1695143809,A3,623,62.3,2.4
299,1695143886,A3,642,64.2,5.1
300,1695143963,A3,640,64.0,4.8
301,1695144040,A4,643,64.3,5.2
302,1695144117,A4,638,63.8,4.5
303,1695144194,A4,653,65.3,6.6
304,1695144271,A5,652,65.2,6.5
305,1695144348,A5,645,64.5,5.5
306,1695144425,A5,631,63.1,3.6
307,1695144502,A5,635,63.5,4.1
308,1695144579,A5,647,64.7,5.8
309,1695144656,A5,622,62.2,2.3
310,1695144733,A5,623,62.3,2.4
311,1695144810,A5,642,64.2,5.1
312,1695144887,A5,651,65.1,6.4
313,1695144964,A5,640,64.0,4.8
314,1695231441,A0,628,62.8,0.5
315,1695231518,A0,626,62.6,0.2
316,1695231595,A0,642,64.2,2.4
317,1695231672,A1,656,65.6,4.4
318,1695231749,A1,633,63.3,1.2
319,1695231826,A1,623,62.3,-0.2
320,1695231903,A1,647,64.7,3.1
321,1695231980,A1,662,66.2,5.2
322,1695232057,A1,634,63.4,1.3
323,1695232134,A1,646,64.6,3.0
324,1695232211,A1,641,64.1,2.3
325,1695232288,A1,640,64.0,2.1
326,1695232365,A1,655,65.5,4.2
327,1695232442,A2,663,66.3,5.4
328,1695232519,A2,647,64.7,3.1
329,1695232596,A2,641,64.1,2.3
330,1695232673,A3,645,64.5,2.8
331,1695232750,A3,624,62.4,-0.1
332,1695232827,A3,653,65.3,4.0
333,1695232904,A3,663,66.3,5.4
334,1695232981,A3,629,62.9,0.6
335,1695233058,A3,650,65.0,3.5
336,1695233135,A3,662,66.2,5.2
337,1695233212,A3,628,62.8,0.5
338,1695233289,A3,648,64.8,3.3
339,1695233366,A3,618,61.8,-0.9
340,1695233443,A4,656,65.6,4.4
341,1695233520,A4,637,63.7,1.7
342,1695233597,A4,629,62.9,0.6
343,1695233674,A5,660,66.0,4.9
344,1695233751,A5,636,63.6,1.6
345,1695233828,A5,624,62.4,-0.1
346,1695233905,A5,656,65.6,4.4
347,1695233982,A5,640,64.0,2.1
348,1695234059,A5,622,62.2,-0.4
349,1695234136,A5,632,63.2,1.0
350,1695234213,A5,650,65.0,3.5
351,1695234290,A5,615,61.5,-1.4
352,1695234367,A5,646,64.6,3.0
353,1695320844,A0,635,63.5,0.2
354,1695320921,A0,653,65.3,2.7
355,1695320998,A0,660,66.0,3.7
356,1695321075,A1,662,66.2,4.0
357,1695321152,A1,662,66.2,4.0
358,1695321229,A1,625,62.5,-1.2
359,1695321306,A1,630,63.0,-0.5
360,1695321383,A1,662,66.2,4.0
361,1695321460,A1,645,64.5,1.6
362,1695321537,A1,623,62.3,-1.5
363,1695321614,A1,641,64.1,1.0
364,1695321691,A1,629,62.9,-0.7
365,1695321768,A1,631,63.1,-0.4
366,1695321845,A2,644,64.4,1.4
367,1695321922,A2,627,62.7,-0.9
368,1695321999,A2,656,65.6,3.1
369,1695322076,A3,637,63.7,0.5
370,1695322153,A3,655,65.5,3.0
371,1695322230,A3,622,62.2,-1.6
372,1695322307,A3,641,64.1,1.0
373,1695322384,A3,642,64.2,1.2
374,1695322461,A3,632,63.2,-0.2
375,1695322538,A3,626,62.6,-1.1
376,1695322615,A3,628,62.8,-0.8
377,1695322692,A3,626,62.6,-1.1
378,1695322769,A3,615,61.5,-2.6
379,1695322846,A4,617,61.7,-2.3
380,1695322923,A4,630,63.0,-0.5
381,1695323000,A4,629,62.9,-0.7
382,1695323077,A5,632,63.2,-0.2
383,1695323154,A5,620,62.0,-1.9
384,1695323231,A5,615,61.5,-2.6
385,1695323308,A5,656,65.6,3.1
386,1695323385,A5,637,63.7,0.5
387,1695323462,A5,661,66.1,3.8
388,1695323539,A5,655,65.5,3.0
389,1695323616,A5,660,66.0,3.7
390,1695323693,A5,617,61.7,-2.3
391,1695323770,A5,632,63.2,-0.2
392,1695410247,A0,639,63.9,-3.5
393,1695410324,A0,631,63.1,-4.7
394,1695410401,A0,661,66.1,-0.5
395,1695410478,A1,634,63.4,-4.2
396,1695410555,A1,642,64.2,-3.1
397,1695410632,A1,664,66.4,-0.0
398,1695410709,A1,637,63.7,-3.8
399,1695410786,A1,641,64.1,-3.3
400,1695410863,A1,617,61.7,-6.6
401,1695410940,A1,661,66.1,-0.5
402,1695411017,A1,618,61.8,-6.5
403,1695411094,A1,642,64.2,-3.1
404,1695411171,A1,664,66.4,-0.0
405,1695411248,A2,619,61.9,-6.3
406,1695411325,A2,665,66.5,0.1
407,1695411402,A2,656,65.6,-1.2
408,1695411479,A3,635,63.5,-4.1
409,1695411556,A3,629,62.9,-4.9
410,1695411633,A3,657,65.7,-1.0
411,1695411710,A3,660,66.0,-0.6
412,1695411787,A3,652,65.2,-1.7
413,1695411864,A3,643,64.3,-3.0
414,1695411941,A3,655,65.5,-1.3
415,1695412018,A3,628,62.8,-5.1
416,1695412095,A3,661,66.1,-0.5
417,1695412172,A3,621,62.1,-6.1
418,1695412249,A4,655,65.5,-1.3
419,1695412326,A4,639,63.9,-3.5
420,1695412403,A4,639,63.9,-3.5
421,1695412480,A5,655,65.5,-1.3
422,1695412557,A5,654,65.4,-1.4
423,1695412634,A5,663,66.3,-0.2
424,1695412711,A5,639,63.9,-3.5
425,1695412788,A5,624,62.4,-5.6
426,1695412865,A5,615,61.5,-6.9
427,1695412942,A5,629,62.9,-4.9
428,1695413019,A5,617,61.7,-6.6
429,1695413096,A5,617,61.7,-6.6
430,1695413173,A5,635,63.5,-4.1
431,1695499650,A0,659,65.9,3.8
432,1695499727,A0,656,65.6,3.3
433,1695499804,A0,634,63.4,0.3
434,1695499881,A1,636,63.6,0.5
435,1695499958,A1,631,63.1,-0.2
436,1695500035,A1,653,65.3,2.9
437,1695500112,A1,615,61.5,-2.4
438,1695500189,A1,663,66.3,4.3
439,1695500266,A1,617,61.7,-2.1
440,1695500343,A1,654,65.4,3.1
441,1695500420,A1,633,63.3,0.1
442,1695500497,A1,638,63.8,0.8
443,1695500574,A1,650,65.0,2.5
444,1695500651,A2,656,65.6,3.3
445,1695500728,A2,651,65.1,2.6
446,1695500805,A2,627,62.7,-0.7
447,1695500882,A3,655,65.5,3.2
448,1695500959,A3,652,65.2,2.8
449,1695501036,A3,658,65.8,3.6
450,1695501113,A3,630,63.0,-0.3
451,1695501190,A3,656,65.6,3.3
452,1695501267,A3,618,61.8,-2.0
453,1695501344,A3,646,64.6,1.9
454,1695501421,A3,659,65.9,3.8
455,1695501498,A3,628,62.8,-0.6
456,1695501575,A3,624,62.4,-1.1
457,1695501652,A4,627,62.7,-0.7
458,1695501729,A4,624,62.4,-1.1
459,1695501806,A4,648,64.8,2.2
460,1695501883,A5,664,66.4,4.5
461,1695501960,A5,662,66.2,4.2
462,1695502037,A5,645,64.5,1.8
463,1695502114,A5,642,64.2,1.4
464,1695502191,A5,625,62.5,-1.0
465,1695502268,A5,620,62.0,-1.7
466,1695502345,A5,633,63.3,0.1
467,1695502422,A5,649,64.9,2.4
468,1695502499,A5,655,65.5,3.2
469,1695502576,A5,638,63.8,0.8
470,1695589053,A0,637,63.7,6.9
471,1695589130,A0,644,64.4,7.9
472,1695589207,A0,661,66.1,10.3
473,1695589284,A1,657,65.7,9.7
474,1695589361,A1,629,62.9,5.8
475,1695589438,A1,624,62.4,5.1
476,1695589515,A1,650,65.0,8.7
477,1695589592,A1,661,66.1,10.3
478,1695589669,A1,646,64.6,8.2
479,1695589746,A1,639,63.9,7.2
480,1695589823,A1,624,62.4,5.1
481,1695589900,A1,630,63.0,5.9
482,1695589977,A1,654,65.4,9.3
483,1695590054,A2,630,63.0,5.9
484,1695590131,A2,664,66.4,10.7
485,1695590208,A2,616,61.6,4.0
486,1695590285,A3,628,62.8,5.7
487,1695590362,A3,661,66.1,10.3
488,1695590439,A3,616,61.6,4.0
489,1695590516,A3,664,66.4,10.7
490,1695590593,A3,636,63.6,6.8
491,1695590670,A3,636,63.6,6.8
492,1695590747,A3,657,65.7,9.7
493,1695590824,A3,639,63.9,7.2
494,1695590901,A3,651,65.1,8.9
495,1695590978,A3,638,63.8,7.1
496,1695591055,A4,633,63.3,6.4
497,1695591132,A4,650,65.0,8.7
498,1695591209,A4,640,64.0,7.3
499,1695591286,A5,629,62.9,5.8
500,1695591363,A5,647,64.7,8.3
501,1695591440,A5,627,62.7,5.5
502,1695591517,A5,621,62.1,4.7
503,1695591594,A5,637,63.7,6.9
504,1695591671,A5,651,65.1,8.9
505,1695591748,A5,623,62.3,5.0
506,1695591825,A5,657,65.7,9.7
507,1695591902,A5,658,65.8,9.9
508,1695591979,A5,655,65.5,9.4
509,1695678456,A0,660,66.0,1.1
510,1695678533,A0,644,64.4,-1.1
511,1695678610,A0,632,63.2,-2.8
512,1695678687,A1,648,64.8,-0.5
513,1695678764,A1,639,63.9,-1.8
514,1695678841,A1,658,65.8,0.9
515,1695678918,A1,660,66.0,1.1
516,1695678995,A1,638,63.8,-1.9
517,1695679072,A1,639,63.9,-1.8
518,1695679149,A1,665,66.5,1.8
519,1695679226,A1,646,64.6,-0.8
520,1695679303,A1,650,65.0,-0.3
521,1695679380,A1,654,65.4,0.3
522,1695679457,A2,658,65.8,0.9
523,1695679534,A2,639,63.9,-1.8
524,1695679611,A2,625,62.5,-3.8
525,1695679688,A3,623,62.3,-4.0
526,1695679765,A3,638,63.8,-1.9
527,1695679842,A3,657,65.7,0.7
528,1695679919,A3,627,62.7,-3.5
529,1695679996,A3,633,63.3,-2.6
530,1695680073,A3,635,63.5,-2.4
531,1695680150,A3,625,62.5,-3.8
532,1695680227,A3,633,63.3,-2.6
533,1695680304,A3,620,62.0,-4.5
534,1695680381,A3,627,62.7,-3.5
535,1695680458,A4,645,64.5,-1.0
536,1695680535,A4,643,64.3,-1.2
537,1695680612,A4,619,61.9,-4.6
538,1695680689,A5,664,66.4,1.7
539,1695680766,A5,620,62.0,-4.5
540,1695680843,A5,635,63.5,-2.4
541,1695680920,A5,644,64.4,-1.1
542,1695680997,A5,622,62.2,-4.2
543,1695681074,A5,630,63.0,-3.1
544,1695681151,A5,646,64.6,-0.8
545,1695681228,A5,663,66.3,1.6
546,1695681305,A5,634,63.4,-2.5
547,1695681382,A5,635,63.5,-2.4
548,1695767859,A0,621,62.1,3.4
549,1695767936,A0,618,61.8,3.0
550,1695768013,A0,631,63.1,5.0
551,1695768090,A1,646,64.6,7.4
552,1695768167,A1,649,64.9,7.9
553,1695768244,A1,662,66.2,10.0
554,1695768321,A1,654,65.4,8.7
555,1695768398,A1,665,66.5,10.5
556,1695768475,A1,625,62.5,4.1
557,1695768552,A1,660,66.0,9.7
558,1695768629,A1,657,65.7,9.2
559,1695768706,A1,615,61.5,2.5
560,1695768783,A1,631,63.1,5.0
561,1695768860,A2,635,63.5,5.7
562,1695768937,A2,627,62.7,4.4
563,1695769014,A2,662,66.2,10.0
564,1695769091,A3,645,64.5,7.3
565,1695769168,A3,648,64.8,7.8
566,1695769245,A3,655,65.5,8.9
567,1695769322,A3,627,62.7,4.4
568,1695769399,A3,651,65.1,8.2
569,1695769476,A3,638,63.8,6.2
570,1695769553,A3,659,65.9,9.5
571,1695769630,A3,636,63.6,5.8
572,1695769707,A3,638,63.8,6.2
573,1695769784,A3,631,63.1,5.0
574,1695769861,A4,615,61.5,2.5
575,1695769938,A4,643,64.3,7.0
576,1695770015,A4,649,64.9,7.9
577,1695770092,A5,662,66.2,10.0
578,1695770169,A5,640,64.0,6.5
579,1695770246,A5,616,61.6,2.6
580,1695770323,A5,644,64.4,7.1
581,1695770400,A5,618,61.8,3.0
582,1695770477,A5,647,64.7,7.6
583,1695770554,A5,635,63.5,5.7
584,1695770631,A5,639,63.9,6.3
585,1695770708,A5,620,62.0,3.3
586,1695770785,A5,646,64.6,7.4
587,1695770862,A6,629,62.9,4.7
588,1695770939,A6,659,65.9,9.5
589,1695771016,A6,652,65.2,8.4
590,1695771093,A7,648,64.8,7.8
591,1695771170,A7,617,61.7,2.8
592,1695771247,A7,641,64.1,6.6
593,1695771324,A7,631,63.1,5.0
594,1695771401,A7,630,63.0,4.9
595,1695771478,A7,642,64.2,6.8
596,1695771555,A7,645,64.5,7.3
597,1695771632,A7,623,62.3,3.8
598,1695771709,A7,622,62.2,3.6
599,1695771786,A7,625,62.5,4.1
600,1695858263,A0,637,63.7,-0.5
601,1695858340,A0,649,64.9,1.5
602,1695858417,A0,623,62.3,-2.7
603,1695858494,A1,643,64.3,0.5
604,1695858571,A1,637,63.7,-0.5
605,1695858648,A1,632,63.2,-1.3
606,1695858725,A1,641,64.1,0.2
607,1695858802,A1,635,63.5,-0.8
608,1695858879,A1,636,63.6,-0.6
609,1695858956,A1,659,65.9,3.1
610,1695859033,A1,652,65.2,1.9
611,1695859110,A1,645,64.5,0.8
612,1695859187,A1,658,65.8,2.9
613,1695859264,A2,659,65.9,3.1
614,1695859341,A2,649,64.9,1.5
615,1695859418,A2,651,65.1,1.8
616,1695859495,A3,651,65.1,1.8
617,1695859572,A3,637,63.7,-0.5
618,1695859649,A3,619,61.9,-3.3
619,1695859726,A3,633,63.3,-1.1
620,1695859803,A3,657,65.7,2.7
621,1695859880,A3,649,64.9,1.5
622,1695859957,A3,630,63.0,-1.6
623,1695860034,A3,629,62.9,-1.7
624,1695860111,A3,647,64.7,1.1
625,1695860188,A3,650,65.0,1.6
626,1695860265,A4,649,64.9,1.5
627,1695860342,A4,647,64.7,1.1
628,1695860419,A4,655,65.5,2.4
629,1695860496,A5,644,64.4,0.7
630,1695860573,A5,624,62.4,-2.5
631,1695860650,A5,639,63.9,-0.1
632,1695860727,A5,647,64.7,1.1
633,1695860804,A5,662,66.2,3.5
634,1695860881,A5,615,61.5,-4.0
635,1695860958,A5,623,62.3,-2.7
636,1695861035,A5,648,64.8,1.3
637,1695861112,A5,629,62.9,-1.7
638,1695861189,A5,619,61.9,-3.3
639,1695861266,A6,621,62.1,-3.0
640,1695861343,A6,639,63.9,-0.1
641,1695861420,A6,663,66.3,3.7
642,1695861497,A7,632,63.2,-1.3
643,1695861574,A7,618,61.8,-3.5
644,1695861651,A7,641,64.1,0.2
645,1695861728,A7,621,62.1,-3.0
646,1695861805,A7,652,65.2,1.9
647,1695861882,A7,644,64.4,0.7
648,1695861959,A7,619,61.9,-3.3
649,1695862036,A7,637,63.7,-0.5
650,1695862113,A7,646,64.6,1.0
651,1695862190,A7,636,63.6,-0.6
652,1695948667,A0,615,61.5,-8.3
653,1695948744,A0,658,65.8,-1.4
654,1695948821,A0,649,64.9,-2.8
655,1695948898,A1,620,62.0,-7.5
656,1695948975,A1,635,63.5,-5.1
657,1695949052,A1,620,62.0,-7.5
658,1695949129,A1,642,64.2,-4.0
659,1695949206,A1,638,63.8,-4.6
660,1695949283,A1,641,64.1,-4.1
661,1695949360,A1,655,65.5,-1.9
662,1695949437,A1,661,66.1,-0.9
663,1695949514,A1,635,63.5,-5.1
664,1695949591,A1,655,65.5,-1.9
665,1695949668,A2,652,65.2,-2.4
666,1695949745,A2,648,64.8,-3.0
667,1695949822,A2,660,66.0,-1.1
668,1695949899,A3,621,62.1,-7.3
669,1695949976,A3,650,65.0,-2.7
670,1695950053,A3,631,63.1,-5.7
671,1695950130,A3,665,66.5,-0.3
672,1695950207,A3,658,65.8,-1.4
673,1695950284,A3,653,65.3,-2.2
674,1695950361,A3,630,63.0,-5.9
675,1695950438,A3,640,64.0,-4.3
676,1695950515,A3,635,63.5,-5.1
677,1695950592,A3,628,62.8,-6.2
678,1695950669,A4,639,63.9,-4.4
679,1695950746,A4,628,62.8,-6.2
680,1695950823,A4,649,64.9,-2.8
681,1695950900,A5,624,62.4,-6.8
682,1695950977,A5,639,63.9,-4.4
683,1695951054,A5,655,65.5,-1.9
684,1695951131,A5,617,61.7,-8.0
685,1695951208,A5,655,65.5,-1.9
686,1695951285,A5,630,63.0,-5.9
687,1695951362,A5,629,62.9,-6.0
688,1695951439,A5,620,62.0,-7.5
689,1695951516,A5,623,62.3,-7.0
690,1695951593,A5,647,64.7,-3.2
691,1695951670,A6,657,65.7,-1.6
692,1695951747,A6,639,63.9,-4.4
693,1695951824,A6,627,62.7,-6.4
694,1695951901,A7,618,61.8,-7.8
695,1695951978,A7,665,66.5,-0.3
696,1695952055,A7,624,62.4,-6.8
697,1695952132,A7,663,66.3,-0.6
698,1695952209,A7,625,62.5,-6.7
699,1695952286,A7,630,63.0,-5.9
700,1695952363,A7,629,62.9,-6.0
701,1695952440,A7,624,62.4,-6.8
702,1695952517,A7,639,63.9,-4.4
703,1695952594,A7,622,62.2,-7.2
704,1696039071,A0,642,64.2,9.0
705,1696039148,A0,635,63.5,7.9
706,1696039225,A0,636,63.6,8.0
707,1696039302,A1,626,62.6,6.4
708,1696039379,A1,631,63.1,7.2
709,1696039456,A1,663,66.3,12.4
710,1696039533,A1,649,64.9,10.1
711,1696039610,A1,638,63.8,8.4
712,1696039687,A1,621,62.1,5.6
713,1696039764,A1,633,63.3,7.6
714,1696039841,A1,618,61.8,5.2
715,1696039918,A1,635,63.5,7.9
716,1696039995,A1,634,63.4,7.7
717,1696040072,A2,638,63.8,8.4
718,1696040149,A2,653,65.3,10.8
719,1696040226,A2,661,66.1,12.0
720,1696040303,A3,658,65.8,11.6
721,1696040380,A3,636,63.6,8.0
722,1696040457,A3,623,62.3,6.0
723,1696040534,A3,644,64.4,9.3
724,1696040611,A3,619,61.9,5.3
725,1696040688,A3,627,62.7,6.6
726,1696040765,A3,645,64.5,9.5
727,1696040842,A3,633,63.3,7.6
728,1696040919,A3,625,62.5,6.3
729,1696040996,A3,653,65.3,10.8
730,1696041073,A4,649,64.9,10.1
731,1696041150,A4,631,63.1,7.2
732,1696041227,A4,655,65.5,11.1
733,1696041304,A5,659,65.9,11.7
734,1696041381,A5,633,63.3,7.6
735,1696041458,A5,662,66.2,12.2
736,1696041535,A5,637,63.7,8.2
737,1696041612,A5,623,62.3,6.0
738,1696041689,A5,626,62.6,6.4
739,1696041766,A5,660,66.0,11.9
740,1696041843,A5,660,66.0,11.9
741,1696041920,A5,650,65.0,10.3
742,1696041997,A5,650,65.0,10.3
743,1696042074,A6,622,62.2,5.8
744,1696042151,A6,646,64.6,9.6
745,1696042228,A6,650,65.0,10.3
746,1696042305,A7,662,66.2,12.2
747,1696042382,A7,665,66.5,12.7
748,1696042459,A7,649,64.9,10.1
749,1696042536,A7,624,62.4,6.1
750,1696042613,A7,635,63.5,7.9
751,1696042690,A7,638,63.8,8.4
752,1696042767,A7,624,62.4,6.1
753,1696042844,A7,648,64.8,10.0
754,1696042921,A7,640,64.0,8.7
755,1696042998,A7,625,62.5,6.3
756,1696129475,A0,632,63.2,-3.1
757,1696129552,A0,663,66.3,1.9
758,1696129629,A0,628,62.8,-3.7
759,1696129706,A1,637,63.7,-2.3
760,1696129783,A1,646,64.6,-0.9
761,1696129860,A1,618,61.8,-5.3
762,1696129937,A1,626,62.6,-4.1
763,1696130014,A1,631,63.1,-3.3
764,1696130091,A1,636,63.6,-2.5
765,1696130168,A1,628,62.8,-3.7
766,1696130245,A1,660,66.0,1.4
767,1696130322,A1,647,64.7,-0.7
768,1696130399,A1,652,65.2,0.1
769,1696130476,A2,646,64.6,-0.9
770,1696130553,A2,634,63.4,-2.8
771,1696130630,A2,657,65.7,0.9
772,1696130707,A3,648,64.8,-0.5
773,1696130784,A3,662,66.2,1.7
774,1696130861,A3,625,62.5,-4.2
775,1696130938,A3,621,62.1,-4.9
776,1696131015,A3,632,63.2,-3.1
777,1696131092,A3,633,63.3,-2.9
778,1696131169,A3,622,62.2,-4.7
779,1696131246,A3,658,65.8,1.1
780,1696131323,A3,655,65.5,0.6
781,1696131400,A3,634,63.4,-2.8
782,1696131477,A4,642,64.2,-1.5
783,1696131554,A4,651,65.1,-0.1
784,1696131631,A4,646,64.6,-0.9
785,1696131708,A5,637,63.7,-2.3
786,1696131785,A5,641,64.1,-1.7
787,1696131862,A5,665,66.5,2.2
788,1696131939,A5,658,65.8,1.1
789,1696132016,A5,639,63.9,-2.0
790,1696132093,A5,628,62.8,-3.7
791,1696132170,A5,652,65.2,0.1
792,1696132247,A5,637,63.7,-2.3
793,1696132324,A5,639,63.9,-2.0
794,1696132401,A5,655,65.5,0.6
795,1696132478,A6,629,62.9,-3.6
796,1696132555,A6,620,62.0,-5.0
797,1696132632,A6,648,64.8,-0.5
798,1696132709,A7,648,64.8,-0.5
799,1696132786,A7,643,64.3,-1.3
800,1696132863,A7,664,66.4,2.0
801,1696132940,A7,665,66.5,2.2
802,1696133017,A7,635,63.5,-2.6
803,1696133094,A7,652,65.2,0.1
804,1696133171,A7,652,65.2,0.1
805,1696133248,A7,641,64.1,-1.7
806,1696133325,A7,651,65.1,-0.1
807,1696133402,A7,633,63.3,-2.9
808,1696219879,A0,654,65.4,10.6
809,1696219956,A0,633,63.3,7.3
810,1696220033,A0,637,63.7,7.9
811,1696220110,A1,629,62.9,6.6
812,1696220187,A1,657,65.7,11.1
813,1696220264,A1,643,64.3,8.9
814,1696220341,A1,620,62.0,5.2
815,1696220418,A1,645,64.5,9.2
816,1696220495,A1,615,61.5,4.4
817,1696220572,A1,665,66.5,12.4
818,1696220649,A1,619,61.9,5.0
819,1696220726,A1,626,62.6,6.2
820,1696220803,A1,634,63.4,7.4
821,1696220880,A2,657,65.7,11.1
822,1696220957,A2,615,61.5,4.4
823,1696221034,A2,648,64.8,9.7
824,1696221111,A3,646,64.6,9.4
825,1696221188,A3,661,66.1,11.8
826,1696221265,A3,657,65.7,11.1
827,1696221342,A3,631,63.1,7.0
828,1696221419,A3,659,65.9,11.4
829,1696221496,A3,661,66.1,11.8
830,1696221573,A3,656,65.6,11.0
831,1696221650,A3,615,61.5,4.4
832,1696221727,A3,643,64.3,8.9
833,1696221804,A3,627,62.7,6.3
834,1696221881,A4,641,64.1,8.6
835,1696221958,A4,646,64.6,9.4
836,1696222035,A4,640,64.0,8.4
837,1696222112,A5,661,66.1,11.8
838,1696222189,A5,637,63.7,7.9
839,1696222266,A5,659,65.9,11.4
840,1696222343,A5,644,64.4,9.0
841,1696222420,A5,652,65.2,10.3
842,1696222497,A5,624,62.4,5.8
843,1696222574,A5,616,61.6,4.6
844,1696222651,A5,633,63.3,7.3
845,1696222728,A5,655,65.5,10.8
846,1696222805,A5,630,63.0,6.8
847,1696222882,A6,635,63.5,7.6
848,1696222959,A6,621,62.1,5.4
849,1696223036,A6,651,65.1,10.2
850,1696223113,A7,630,63.0,6.8
851,1696223190,A7,649,64.9,9.8
852,1696223267,A7,664,66.4,12.2
853,1696223344,A7,648,64.8,9.7
854,1696223421,A7,635,63.5,7.6
855,1696223498,A7,627,62.7,6.3
856,1696223575,A7,659,65.9,11.4
857,1696223652,A7,628,62.8,6.5
858,1696223729,A7,637,63.7,7.9
859,1696223806,A7,656,65.6,11.0
860,1696310283,A0,639,63.9,5.1
861,1696310360,A0,650,65.0,6.8
862,1696310437,A0,639,63.9,5.1
863,1696310514,A1,639,63.9,5.1
864,1696310591,A1,658,65.8,8.1
865,1696310668,A1,616,61.6,1.4
866,1696310745,A1,651,65.1,7.0
867,1696310822,A1,649,64.9,6.7
868,1696310899,A1,653,65.3,7.3
869,1696310976,A1,639,63.9,5.1
870,1696311053,A1,637,63.7,4.7
871,1696311130,A1,615,61.5,1.2
872,1696311207,A1,632,63.2,3.9
873,1696311284,A2,638,63.8,4.9
874,1696311361,A2,634,63.4,4.3
875,1696311438,A2,661,66.1,8.6
876,1696311515,A3,633,63.3,4.1
877,1696311592,A3,630,63.0,3.6
878,1696311669,A3,625,62.5,2.8
879,1696311746,A3,622,62.2,2.3
880,1696311823,A3,663,66.3,8.9
881,1696311900,A3,636,63.6,4.6
882,1696311977,A3,620,62.0,2.0
883,1696312054,A3,643,64.3,5.7
884,1696312131,A3,657,65.7,7.9
885,1696312208,A3,649,64.9,6.7
886,1696312285,A4,617,61.7,1.5
887,1696312362,A4,635,63.5,4.4
888,1696312439,A4,650,65.0,6.8
889,1696312516,A5,660,66.0,8.4
890,1696312593,A5,650,65.0,6.8
891,1696312670,A5,652,65.2,7.1
892,1696312747,A5,648,64.8,6.5
893,1696312824,A5,650,65.0,6.8
894,1696312901,A5,656,65.6,7.8
895,1696312978,A5,623,62.3,2.5
896,1696313055,A5,617,61.7,1.5
897,1696313132,A5,658,65.8,8.1
898,1696313209,A5,664,66.4,9.1
899,1696313286,A6,663,66.3,8.9
900,1696313363,A6,617,61.7,1.5
901,1696313440,A6,656,65.6,7.8
902,1696313517,A7,643,64.3,5.7
903,1696313594,A7,650,65.0,6.8
904,1696313671,A7,646,64.6,6.2
905,1696313748,A7,665,66.5,9.2
906,1696313825,A7,622,62.2,2.3
907,1696313902,A7,663,66.3,8.9
908,1696313979,A7,659,65.9,8.3
909,1696314056,A7,648,64.8,6.5
910,1696314133,A7,661,66.1,8.6
911,1696314210,A7,623,62.3,2.5
912,1696400687,A0,631,63.1,3.0
913,1696400764,A0,624,62.4,1.8
914,1696400841,A0,632,63.2,3.2
915,1696400918,A1,638,63.8,4.3
916,1696400995,A1,637,63.7,4.1
917,1696401072,A1,633,63.3,3.4
918,1696401149,A1,644,64.4,5.4
919,1696401226,A1,660,66.0,8.3
920,1696401303,A1,652,65.2,6.8
921,1696401380,A1,631,63.1,3.0
922,1696401457,A1,637,63.7,4.1
923,1696401534,A1,649,64.9,6.3
924,1696401611,A1,624,62.4,1.8
925,1696401688,A2,641,64.1,4.8
926,1696401765,A2,652,65.2,6.8
927,1696401842,A2,618,61.8,0.7
928,1696401919,A3,619,61.9,0.9
929,1696401996,A3,651,65.1,6.6
930,1696402073,A3,657,65.7,7.7
931,1696402150,A3,630,63.0,2.9
932,1696402227,A3,620,62.0,1.1
933,1696402304,A3,615,61.5,0.2
934,1696402381,A3,638,63.8,4.3
935,1696402458,A3,659,65.9,8.1
936,1696402535,A3,642,64.2,5.0
937,1696402612,A3,649,64.9,6.3
938,1696402689,A4,652,65.2,6.8
939,1696402766,A4,642,64.2,5.0
940,1696402843,A4,665,66.5,9.2
941,1696402920,A5,660,66.0,8.3
942,1696402997,A5,634,63.4,3.6
943,1696403074,A5,627,62.7,2.3
944,1696403151,A5,661,66.1,8.4
945,1696403228,A5,649,64.9,6.3
946,1696403305,A5,642,64.2,5.0
947,1696403382,A5,665,66.5,9.2
948,1696403459,A5,640,64.0,4.7
949,1696403536,A5,624,62.4,1.8
950,1696403613,A5,640,64.0,4.7
951,1696403690,A6,631,63.1,3.0
952,1696403767,A6,658,65.8,7.9
953,1696403844,A6,640,64.0,4.7
954,1696403921,A7,651,65.1,6.6
955,1696403998,A7,664,66.4,9.0
956,1696404075,A7,657,65.7,7.7
957,1696404152,A7,626,62.6,2.1
958,1696404229,A7,663,66.3,8.8
959,1696404306,A7,639,63.9,4.5
960,1696404383,A7,630,63.0,2.9
961,1696404460,A7,639,63.9,4.5
962,1696404537,A7,634,63.4,3.6
963,1696404614,A7,663,66.3,8.8
964,1696404691,A8,624,62.4,1.8
965,1696404768,A8,662,66.2,8.6
966,1696404845,A8,649,64.9,6.3
967,1696404922,A9,630,63.0,2.9
968,1696404999,A9,638,63.8,4.3
969,1696405076,A9,620,62.0,1.1
970,1696405153,A9,647,64.7,5.9
971,1696405230,A9,623,62.3,1.6
972,1696405307,A9,638,63.8,4.3
973,1696405384,A9,655,65.5,7.4
974,1696405461,A9,645,64.5,5.6
975,1696405538,A9,659,65.9,8.1
976,1696405615,A9,635,63.5,3.8
977,1696492092,A0,615,61.5,2.7
978,1696492169,A0,628,62.8,5.0
979,1696492246,A0,648,64.8,8.6
980,1696492323,A1,618,61.8,3.2
981,1696492400,A1,650,65.0,9.0
982,1696492477,A1,645,64.5,8.1
983,1696492554,A1,656,65.6,10.1
984,1696492631,A1,646,64.6,8.3
985,1696492708,A1,651,65.1,9.2
986,1696492785,A1,621,62.1,3.8
987,1696492862,A1,658,65.8,10.4
988,1696492939,A1,641,64.1,7.4
989,1696493016,A1,650,65.0,9.0
990,1696493093,A2,656,65.6,10.1
991,1696493170,A2,636,63.6,6.5
992,1696493247,A2,660,66.0,10.8
993,1696493324,A3,652,65.2,9.3
994,1696493401,A3,628,62.8,5.0
995,1696493478,A3,616,61.6,2.9
996,1696493555,A3,650,65.0,9.0
997,1696493632,A3,630,63.0,5.4
998,1696493709,A3,659,65.9,10.6
999,1696493786,A3,651,65.1,9.2
1000,1696493863,A3,631,63.1,5.6
1001,1696493940,A3,643,64.3,7.7
1002,1696494017,A3,638,63.8,6.8
1003,1696494094,A4,643,64.3,7.7
1004,1696494171,A4,646,64.6,8.3
1005,1696494248,A4,639,63.9,7.0
1006,1696494325,A5,623,62.3,4.1
1007,1696494402,A5,635,63.5,6.3
1008,1696494479,A5,616,61.6,2.9
1009,1696494556,A5,653,65.3,9.5
1010,1696494633,A5,646,64.6,8.3
1011,1696494710,A5,645,64.5,8.1
1012,1696494787,A5,656,65.6,10.1
1013,1696494864,A5,642,64.2,7.5
1014,1696494941,A5,621,62.1,3.8
1015,1696495018,A5,632,63.2,5.7
1016,1696495095,A6,655,65.5,9.9
1017,1696495172,A6,624,62.4,4.3
1018,1696495249,A6,618,61.8,3.2
1019,1696495326,A7,658,65.8,10.4
1020,1696495403,A7,657,65.7,10.2
1021,1696495480,A7,660,66.0,10.8
1022,1696495557,A7,631,63.1,5.6
1023,1696495634,A7,622,62.2,3.9
1024,1696495711,A7,618,61.8,3.2
1025,1696495788,A7,636,63.6,6.5
1026,1696495865,A7,645,64.5,8.1
1027,1696495942,A7,655,65.5,9.9
1028,1696496019,A7,649,64.9,8.8
1029,1696496096,A8,633,63.3,5.9
1030,1696496173,A8,616,61.6,2.9
1031,1696496250,A8,642,64.2,7.5
1032,1696496327,A9,627,62.7,4.8
1033,1696496404,A9,654,65.4,9.7
1034,1696496481,A9,625,62.5,4.5
1035,1696496558,A9,655,65.5,9.9
1036,1696496635,A9,658,65.8,10.4
1037,1696496712,A9,645,64.5,8.1
1038,1696496789,A9,631,63.1,5.6
1039,1696496866,A9,661,66.1,11.0
1040,1696496943,A9,657,65.7,10.2
1041,1696497020,A9,644,64.4,7.9
1042,1696583497,A0,618,61.8,1.4
1043,1696583574,A0,629,62.9,3.4
1044,1696583651,A0,656,65.6,8.3
1045,1696583728,A1,625,62.5,2.7
1046,1696583805,A1,663,66.3,9.5
1047,1696583882,A1,661,66.1,9.2
1048,1696583959,A1,622,62.2,2.2
1049,1696584036,A1,639,63.9,5.2
1050,1696584113,A1,648,64.8,6.8
1051,1696584190,A1,639,63.9,5.2
1052,1696584267,A1,624,62.4,2.5
1053,1696584344,A1,627,62.7,3.1
1054,1696584421,A1,640,64.0,5.4
1055,1696584498,A2,630,63.0,3.6
1056,1696584575,A2,658,65.8,8.6
1057,1696584652,A2,626,62.6,2.9
1058,1696584729,A3,617,61.7,1.3
1059,1696584806,A3,633,63.3,4.1
1060,1696584883,A3,648,64.8,6.8
1061,1696584960,A3,629,62.9,3.4
1062,1696585037,A3,628,62.8,3.2
1063,1696585114,A3,660,66.0,9.0
1064,1696585191,A3,663,66.3,9.5
1065,1696585268,A3,625,62.5,2.7
1066,1696585345,A3,638,63.8,5.0
1067,1696585422,A3,624,62.4,2.5
1068,1696585499,A4,637,63.7,4.9
1069,1696585576,A4,652,65.2,7.6
1070,1696585653,A4,624,62.4,2.5
1071,1696585730,A5,647,64.7,6.7
1072,1696585807,A5,656,65.6,8.3
1073,1696585884,A5,664,66.4,9.7
1074,1696585961,A5,644,64.4,6.1
1075,1696586038,A5,629,62.9,3.4
1076,1696586115,A5,658,65.8,8.6
1077,1696586192,A5,624,62.4,2.5
1078,1696586269,A5,648,64.8,6.8
1079,1696586346,A5,643,64.3,5.9
1080,1696586423,A5,654,65.4,7.9
1081,1696586500,A6,619,61.9,1.6
1082,1696586577,A6,624,62.4,2.5
1083,1696586654,A6,640,64.0,5.4
1084,1696586731,A7,644,64.4,6.1
1085,1696586808,A7,665,66.5,9.9
1086,1696586885,A7,654,65.4,7.9
1087,1696586962,A7,643,64.3,5.9
1088,1696587039,A7,623,62.3,2.3
1089,1696587116,A7,619,61.9,1.6
1090,1696587193,A7,664,66.4,9.7
1091,1696587270,A7,637,63.7,4.9
1092,1696587347,A7,642,64.2,5.8
1093,1696587424,A7,640,64.0,5.4
1094,1696587501,A8,646,64.6,6.5
1095,1696587578,A8,659,65.9,8.8
1096,1696587655,A8,651,65.1,7.4
1097,1696587732,A9,663,66.3,9.5
1098,1696587809,A9,649,64.9,7.0
1099,1696587886,A9,646,64.6,6.5
1100,1696587963,A9,637,63.7,4.9
1101,1696588040,A9,636,63.6,4.7
1102,1696588117,A9,616,61.6,1.1
1103,1696588194,A9,635,63.5,4.5
1104,1696588271,A9,644,64.4,6.1
1105,1696588348,A9,660,66.0,9.0
1106,1696588425,A9,664,66.4,9.7
1107,1696674902,A0,659,65.9,12.4
1108,1696674979,A0,633,63.3,7.7
1109,1696675056,A0,625,62.5,6.3
1110,1696675133,A1,640,64.0,9.0
1111,1696675210,A1,640,64.0,9.0
1112,1696675287,A1,663,66.3,13.1
1113,1696675364,A1,655,65.5,11.7
1114,1696675441,A1,624,62.4,6.1
1115,1696675518,A1,617,61.7,4.9
1116,1696675595,A1,656,65.6,11.9
1117,1696675672,A1,621,62.1,5.6
1118,1696675749,A1,639,63.9,8.8
1119,1696675826,A1,624,62.4,6.1
1120,1696675903,A2,623,62.3,5.9
1121,1696675980,A2,616,61.6,4.7
1122,1696676057,A2,657,65.7,12.1
1123,1696676134,A3,655,65.5,11.7
1124,1696676211,A3,658,65.8,12.2
1125,1696676288,A3,650,65.0,10.8
1126,1696676365,A3,624,62.4,6.1
1127,1696676442,A3,665,66.5,13.5
1128,1696676519,A3,625,62.5,6.3
1129,1696676596,A3,627,62.7,6.7
1130,1696676673,A3,623,62.3,5.9
1131,1696676750,A3,640,64.0,9.0
1132,1696676827,A3,662,66.2,13.0
1133,1696676904,A4,653,65.3,11.3
1134,1696676981,A4,655,65.5,11.7
1135,1696677058,A4,629,62.9,7.0
1136,1696677135,A5,640,64.0,9.0
1137,1696677212,A5,634,63.4,7.9
1138,1696677289,A5,615,61.5,4.5
1139,1696677366,A5,660,66.0,12.6
1140,1696677443,A5,637,63.7,8.5
1141,1696677520,A5,649,64.9,10.6
1142,1696677597,A5,650,65.0,10.8
1143,1696677674,A5,641,64.1,9.2
1144,1696677751,A5,629,62.9,7.0
1145,1696677828,A5,631,63.1,7.4
1146,1696677905,A6,619,61.9,5.2
1147,1696677982,A6,624,62.4,6.1
1148,1696678059,A6,636,63.6,8.3
1149,1696678136,A7,639,63.9,8.8
1150,1696678213,A7,642,64.2,9.4
1151,1696678290,A7,642,64.2,9.4
1152,1696678367,A7,639,63.9,8.8
1153,1696678444,A7,652,65.2,11.2
1154,1696678521,A7,660,66.0,12.6
1155,1696678598,A7,626,62.6,6.5
1156,1696678675,A7,655,65.5,11.7
1157,1696678752,A7,622,62.2,5.8
1158,1696678829,A7,639,63.9,8.8
1159,1696678906,A8,655,65.5,11.7
1160,1696678983,A8,641,64.1,9.2
1161,1696679060,A8,651,65.1,11.0
1162,1696679137,A9,646,64.6,10.1
1163,1696679214,A9,625,62.5,6.3
1164,1696679291,A9,660,66.0,12.6
1165,1696679368,A9,632,63.2,7.6
1166,1696679445,A9,648,64.8,10.4
1167,1696679522,A9,663,66.3,13.1
1168,1696679599,A9,652,65.2,11.2
1169,1696679676,A9,649,64.9,10.6
1170,1696679753,A9,623,62.3,5.9
1171,1696679830,A9,665,66.5,13.5
1172,1696766307,A0,658,65.8,1.6
1173,1696766384,A0,653,65.3,0.7
1174,1696766461,A0,618,61.8,-5.6
1175,1696766538,A1,648,64.8,-0.2
1176,1696766615,A1,639,63.9,-1.8
1177,1696766692,A1,625,62.5,-4.3
1178,1696766769,A1,664,66.4,2.7
1179,1696766846,A1,654,65.4,0.9
1180,1696766923,A1,619,61.9,-5.4
1181,1696767000,A1,642,64.2,-1.3
1182,1696767077,A1,652,65.2,0.5
1183,1696767154,A1,632,63.2,-3.1
1184,1696767231,A1,663,66.3,2.5
1185,1696767308,A2,637,63.7,-2.2
1186,1696767385,A2,616,61.6,-6.0
1187,1696767462,A2,660,66.0,2.0
1188,1696767539,A3,639,63.9,-1.8
1189,1696767616,A3,662,66.2,2.3
1190,1696767693,A3,634,63.4,-2.7
1191,1696767770,A3,619,61.9,-5.4
1192,1696767847,A3,660,66.0,2.0
1193,1696767924,A3,634,63.4,-2.7
1194,1696768001,A3,640,64.0,-1.6
1195,1696768078,A3,630,63.0,-3.4
1196,1696768155,A3,616,61.6,-6.0
1197,1696768232,A3,625,62.5,-4.3
1198,1696768309,A4,627,62.7,-4.0
1199,1696768386,A4,638,63.8,-2.0
1200,1696768463,A4,665,66.5,2.9
1201,1696768540,A5,635,63.5,-2.5
1202,1696768617,A5,664,66.4,2.7
1203,1696768694,A5,653,65.3,0.7
1204,1696768771,A5,663,66.3,2.5
1205,1696768848,A5,624,62.4,-4.5
1206,1696768925,A5,623,62.3,-4.7
1207,1696769002,A5,654,65.4,0.9
1208,1696769079,A5,640,64.0,-1.6
1209,1696769156,A5,655,65.5,1.1
1210,1696769233,A5,641,64.1,-1.5
1211,1696769310,A6,651,65.1,0.3
1212,1696769387,A6,650,65.0,0.2
1213,1696769464,A6,620,62.0,-5.2
1214,1696769541,A7,620,62.0,-5.2
1215,1696769618,A7,659,65.9,1.8
1216,1696769695,A7,660,66.0,2.0
1217,1696769772,A7,656,65.6,1.2
1218,1696769849,A7,664,66.4,2.7
1219,1696769926,A7,661,66.1,2.1
1220,1696770003,A7,640,64.0,-1.6
1221,1696770080,A7,615,61.5,-6.1
1222,1696770157,A7,660,66.0,2.0
1223,1696770234,A7,665,66.5,2.9
1224,1696770311,A8,630,63.0,-3.4
1225,1696770388,A8,616,61.6,-6.0
1226,1696770465,A8,629,62.9,-3.6
1227,1696770542,A9,640,64.0,-1.6
1228,1696770619,A9,665,66.5,2.9
1229,1696770696,A9,635,63.5,-2.5
1230,1696770773,A9,642,64.2,-1.3
1231,1696770850,A9,626,62.6,-4.2
1232,1696770927,A9,621,62.1,-5.1
1233,1696771004,A9,637,63.7,-2.2
1234,1696771081,A9,639,63.9,-1.8
1235,1696771158,A9,615,61.5,-6.1
1236,1696771235,A9,635,63.5,-2.5
1237,1696857712,A0,621,62.1,2.6
1238,1696857789,A0,632,63.2,4.6
1239,1696857866,A0,662,66.2,10.0
1240,1696857943,A1,624,62.4,3.1
1241,1696858020,A1,646,64.6,7.1
1242,1696858097,A1,615,61.5,1.5
1243,1696858174,A1,630,63.0,4.2
1244,1696858251,A1,646,64.6,7.1
1245,1696858328,A1,618,61.8,2.1
1246,1696858405,A1,652,65.2,8.2
1247,1696858482,A1,663,66.3,10.2
1248,1696858559,A1,654,65.4,8.5
1249,1696858636,A1,650,65.0,7.8
1250,1696858713,A2,622,62.2,2.8
1251,1696858790,A2,625,62.5,3.3
1252,1696858867,A2,654,65.4,8.5
1253,1696858944,A3,642,64.2,6.4
1254,1696859021,A3,641,64.1,6.2
1255,1696859098,A3,652,65.2,8.2
1256,1696859175,A3,635,63.5,5.1
1257,1696859252,A3,651,65.1,8.0
1258,1696859329,A3,632,63.2,4.6
1259,1696859406,A3,618,61.8,2.1
1260,1696859483,A3,633,63.3,4.8
1261,1696859560,A3,642,64.2,6.4
1262,1696859637,A3,650,65.0,7.8
1263,1696859714,A4,616,61.6,1.7
1264,1696859791,A4,622,62.2,2.8
1265,1696859868,A4,653,65.3,8.4
1266,1696859945,A5,646,64.6,7.1
1267,1696860022,A5,621,62.1,2.6
1268,1696860099,A5,626,62.6,3.5
1269,1696860176,A5,634,63.4,4.9
1270,1696860253,A5,654,65.4,8.5
1271,1696860330,A5,634,63.4,4.9
1272,1696860407,A5,625,62.5,3.3
1273,1696860484,A5,635,63.5,5.1
1274,1696860561,A5,616,61.6,1.7
1275,1696860638,A5,652,65.2,8.2
1276,1696860715,A6,658,65.8,9.3
1277,1696860792,A6,651,65.1,8.0
1278,1696860869,A6,631,63.1,4.4
1279,1696860946,A7,617,61.7,1.9
1280,1696861023,A7,628,62.8,3.9
1281,1696861100,A7,648,64.8,7.5
1282,1696861177,A7,624,62.4,3.1
1283,1696861254,A7,616,61.6,1.7
1284,1696861331,A7,635,63.5,5.1
1285,1696861408,A7,650,65.0,7.8
1286,1696861485,A7,634,63.4,4.9
1287,1696861562,A7,646,64.6,7.1
1288,1696861639,A7,644,64.4,6.7
1289,1696861716,A8,659,65.9,9.4
1290,1696861793,A8,661,66.1,9.8
1291,1696861870,A8,632,63.2,4.6
1292,1696861947,A9,660,66.0,9.6
1293,1696862024,A9,655,65.5,8.7
1294,1696862101,A9,646,64.6,7.1
1295,1696862178,A9,623,62.3,3.0
1296,1696862255,A9,639,63.9,5.8
1297,1696862332,A9,636,63.6,5.3
1298,1696862409,A9,642,64.2,6.4
1299,1696862486,A9,642,64.2,6.4
1300,1696862563,A9,650,65.0,7.8
1301,1696862640,A9,665,66.5,10.5
1302,1696949117,A0,652,65.2,10.9
1303,1696949194,A0,638,63.8,8.4
1304,1696949271,A0,624,62.4,5.9
1305,1696949348,A1,617,61.7,4.6
1306,1696949425,A1,616,61.6,4.4
1307,1696949502,A1,661,66.1,12.5
1308,1696949579,A1,623,62.3,5.7
1309,1696949656,A1,665,66.5,13.2
1310,1696949733,A1,627,62.7,6.4
1311,1696949810,A1,627,62.7,6.4
1312,1696949887,A1,629,62.9,6.8
1313,1696949964,A1,625,62.5,6.0
1314,1696950041,A1,616,61.6,4.4
1315,1696950118,A2,654,65.4,11.3
1316,1696950195,A2,632,63.2,7.3
1317,1696950272,A2,631,63.1,7.1
1318,1696950349,A3,663,66.3,12.9
1319,1696950426,A3,633,63.3,7.5
1320,1696950503,A3,627,62.7,6.4
1321,1696950580,A3,623,62.3,5.7
1322,1696950657,A3,638,63.8,8.4
1323,1696950734,A3,663,66.3,12.9
1324,1696950811,A3,639,63.9,8.6
1325,1696950888,A3,637,63.7,8.2
1326,1696950965,A3,631,63.1,7.1
1327,1696951042,A3,628,62.8,6.6
1328,1696951119,A4,642,64.2,9.1
1329,1696951196,A4,647,64.7,10.0
1330,1696951273,A4,636,63.6,8.0
1331,1696951350,A5,622,62.2,5.5
1332,1696951427,A5,615,61.5,4.2
1333,1696951504,A5,643,64.3,9.3
1334,1696951581,A5,636,63.6,8.0
1335,1696951658,A5,649,64.9,10.4
1336,1696951735,A5,622,62.2,5.5
1337,1696951812,A5,624,62.4,5.9
1338,1696951889,A5,656,65.6,11.6
1339,1696951966,A5,616,61.6,4.4
1340,1696952043,A5,626,62.6,6.2
1341,1696952120,A6,649,64.9,10.4
1342,1696952197,A6,627,62.7,6.4
1343,1696952274,A6,661,66.1,12.5
1344,1696952351,A7,641,64.1,8.9
1345,1696952428,A7,650,65.0,10.5
1346,1696952505,A7,633,63.3,7.5
1347,1696952582,A7,648,64.8,10.2
1348,1696952659,A7,646,64.6,9.8
1349,1696952736,A7,631,63.1,7.1
1350,1696952813,A7,649,64.9,10.4
1351,1696952890,A7,653,65.3,11.1
1352,1696952967,A7,627,62.7,6.4
1353,1696953044,A7,642,64.2,9.1
1354,1696953121,A8,659,65.9,12.2
1355,1696953198,A8,642,64.2,9.1
1356,1696953275,A8,663,66.3,12.9
1357,1696953352,A9,656,65.6,11.6
1358,1696953429,A9,643,64.3,9.3
1359,1696953506,A9,656,65.6,11.6
1360,1696953583,A9,658,65.8,12.0
1361,1696953660,A9,640,64.0,8.7
1362,1696953737,A9,654,65.4,11.3
1363,1696953814,A9,660,66.0,12.3
1364,1696953891,A9,644,64.4,9.5
1365,1696953968,A9,649,64.9,10.4
1366,1696954045,A9,649,64.9,10.4
